post_id,post_text,user_id,username,image_id(s),timestamp,label
3.2541E+17,RIP Tamerlan and free Dzhokhar Tsarnaev. This corrupt society will never stop blaming people. Who will… http://t.co/xAGDE2Zyha,404834177,theophilustfu,boston_real_26,Sat Apr 20 00:47:15 +0000 2013,real
3.25162E+17,"#Boston #Watertown #BPD New picture of Sunil Tripathi tonight, in a 7-11: https://t.co/ae5deGvp5s",32633543,Jonathan_Mora,boston_real_11,Fri Apr 19 08:19:50 +0000 2013,real
3.25142E+17,"New Release: Suspect 1: Mike Mulugeta Suspect 2: Sunil Tripathi.  || Suspect 1: http://t.co/K8e3G5wBUp || Suspect 2: http://t.co/0weisVVMKJ\""",185472553,KAL301,"boston_real_06,boston_real_07",Fri Apr 19 07:02:55 +0000 2013,real
3.25148E+17,1 of the boston marathon suspects is \nSunil Tripathi Missing brown/ivy league student http://t.co/kz83UIbr4b,5416852,Bahska,boston_real_07,Fri Apr 19 07:24:15 +0000 2013,real
3.25269E+17,Boston bombings suspects innocent: father #BostonMarathon #Kenya http://t.co/CJq4ZhKnqp http://t.co/saen4lqRwc,1310276047,NewsKenyaCoKe,boston_real_27,Fri Apr 19 15:27:03 +0000 2013,real
3.25258E+17,This is so sad the bomber and the 8 year old boy that died #prayforboston http://t.co/nU4h6hmYT3,345397274,jZukauskas,boston_real_25,Fri Apr 19 14:42:11 +0000 2013,real
3.2529E+17,"This is just sad πΆπ”. The 8 yr old that died, the bomber, nd the bag. #prayforboston #watertown http://t.co/bADr2c817m",322146919,bailabzz305,boston_real_25,Fri Apr 19 16:49:11 +0000 2013,real
3.25145E+17,#Breaking: New #BostonMarathon Suspect Photos Released by FBI: || Suspect 1: http://t.co/7wd814SlJx ||  Suspect 2: http://t.co/I2sCCfr03W,871024819,fraudstrong,"boston_real_06,boston_real_07",Fri Apr 19 07:13:09 +0000 2013,real
3.25143E+17,RT @YourAnonNews: New FBI #BostonMarathon Suspect Photos: ||1: http://t.co/XUtUbLmbk5 ||  2: http://t.co/ru7OBMIWRw,20044440,Edourdoo,"boston_real_06,boston_real_07",Fri Apr 19 07:06:41 +0000 2013,real
3.2524E+17,RT @YourAnonNews New #BostonMarathon Suspect Photos Released by FBI: || Suspect 1: http://t.co/thdDmfqKcL Suspect 2: http://t.co/FhcMARx5vA,43180061,tapoutG,"boston_real_06,boston_real_07",Fri Apr 19 13:28:40 +0000 2013,real
3.25141E+17,#Breaking: New #BostonMarathon Suspect Photos Released by FBI: || Suspect 1: http://t.co/pfCNpvPnt6 ||  Suspect 2: http://t.co/y6WqWPY8Fs,279390084,YourAnonNews,"boston_real_06,boston_real_07",Fri Apr 19 06:56:59 +0000 2013,real
3.25082E+17,"RT @TEDchris: Reddit users crowdsource photo of Boston suspect, zoom, enhance. http://t.co/rqaFZNjpFa Source: http://t.co/wRjT7Sgpdo",60133202,ScottWilsonID,boston_real_10,Fri Apr 19 03:04:23 +0000 2013,real
3.25107E+17,"β€@TEDchris: Wild how Reddit users crowdsource photo of Boston suspect, zoom, enhance. http://t.co/kE9fQtsGRS Source: http://t.co/3A9iunoY1lβ€",8288752,jamiesk,boston_real_10,Fri Apr 19 04:40:57 +0000 2013,real
3.25096E+17,"RT @tedchris: Reddit users crowdsource photo of Boston suspect, zoom, enhance. http://t.co/Og7sxCZtr4 Source: http://t.co/OlwGtBF0AF",382747441,belleconsult,boston_real_10,Fri Apr 19 03:58:46 +0000 2013,real
3.25064E+17,"Wild how Reddit users crowdsource photo of Boston suspect, zoom, enhance. http://t.co/J9fRCsrCgI Source: http://t.co/Esbvg3Dkr6",14761795,TEDchris,boston_real_10,Fri Apr 19 01:52:47 +0000 2013,real
3.2531E+17,Fuck these two tools #prayforboston http://t.co/yaGYL9mrKV,224550839,aGoodmanThinks,boston_real_26,Fri Apr 19 18:06:55 +0000 2013,real
3.27098E+17,"Since the second Boston bombing suspect was apprehended on Friday, there's been a wave of support,β€¦ http://t.co/zd3fcVj2Dt",256386386,0fficial__M,boston_real_23,Wed Apr 24 16:32:11 +0000 2013,real
3.25416E+17,#THATSHOWWEFREAKINGDOIT #CAPTURED #ManHunt #BostonBomber #WeGotHim #BostonMarathon #GoToHell #USARules http://t.co/YOyFtLL0ZN,438793613,ItsAlexisMoore,boston_real_27,Sat Apr 20 01:11:22 +0000 2013,real
3.24998E+17,"#BostonMarathon PHOTOS of Suspect 2 in white cap, seen planting bomb on surveillance http://t.co/wUDHoIHlYe http://t.co/W2Hjpha485",240361325,ActionNewsMatt,"boston_real_01,boston_real_02",Thu Apr 18 21:30:38 +0000 2013,real
3.25137E+17,New FBI photo of Boston bombing suspect 2 http://t.co/IPHLJuk2VR,19329393,PerezHilton,boston_real_07,Fri Apr 19 06:42:51 +0000 2013,real
3.25001E+17,Suspect #1 for Boston Marathon attack #repost #this http://t.co/kWc4NkFT4p,825687612,whateverwonder,boston_real_29,Thu Apr 18 21:39:10 +0000 2013,real
3.25016E+17,Boston bombings suspect #2 #Boston #bostonmarathon #handsoverhearts #prayforboston #bostonhelp #bostonstrong http://t.co/Qh2nPX5jX0,595025793,mclarkhamilton,boston_real_02,Thu Apr 18 22:41:31 +0000 2013,real
3.25211E+17,Boston Marathon bombing suspects ID'd as brothers from Russia; 1 suspect dead http://t.co/hm5M668jyG #Boston http://t.co/Qr6FyqVNEC,16164289,MyCentralJersey,"boston_real_06,boston_real_07",Fri Apr 19 11:34:41 +0000 2013,real
3.25412E+17,Beyond any doubt the single  most sad/disturbing/eerie/bizarre photo I have ever seen. #prayforbostonβ€¦ http://t.co/fhDFGISNFg,98309019,davidjbier,boston_real_25,Sat Apr 20 00:53:42 +0000 2013,real
3.24E+17,4chan spots a #Boston Bombing suspect - http://t.co/3c4TOQxL4b,105148135,giggitygreg,boston_fake_15,Wed Apr 17 01:27:53 +0000 2013,fake
3.25E+17,4Chan seems to think they've found one of the Boston Marathon Bombers and I agree http://t.co/1cncwgC7eK,419544419,smitchell550,boston_fake_29,Wed Apr 17 21:14:30 +0000 2013,fake
3.24E+17,4chan spots a suspect http://t.co/u3Ovlyl4Tp [http://t.co/oUotrsGuZv] #consp @joerogan,1228761494,Reddit4Savages,boston_fake_15,Wed Apr 17 03:00:35 +0000 2013,fake
3.25E+17,http://t.co/TTcLPjXHVs investigación bombas Boston #4chan,348687483,isaponferrada,"boston_fake_03,boston_fake_35",Thu Apr 18 13:17:49 +0000 2013,fake
3.25E+17,#4chan solves the bombings? http://t.co/YeTDt6cLZS via @imgur,394713293,AnssiMuhonen,"boston_fake_03,boston_fake_35",Wed Apr 17 17:06:07 +0000 2013,fake
3.25E+17,4chan Conspiracies 1 of 2 http://t.co/KbYZr9aAiQ,142869850,brennen_says,boston_fake_18,Thu Apr 18 17:24:35 +0000 2013,fake
3.25E+17,good job 4chan! http://t.co/XSnnqe6ROH,24618459,softwaredoug,"boston_fake_03,boston_fake_35",Fri Apr 19 13:45:48 +0000 2013,fake
3.25E+17,#boston #4chan  http://t.co/e7m4xLcjna,353738582,ThomasZbo,"boston_fake_03,boston_fake_35",Wed Apr 17 21:56:12 +0000 2013,fake
3.24E+17,man on the roof-tops of #bostonmarathon while bomb goes off http://t.co/yFZEuQ47hu,65174989,DeeJayBliss1,boston_fake_09,Tue Apr 16 11:53:48 +0000 2013,fake
3.25E+17,navy seals at #bostonmarathon with back packs n remote devices on cell phones http://t.co/k9sNfXJvi8,1354971384,aggressiveink,boston_fake_03,Thu Apr 18 17:01:40 +0000 2013,fake
3.25E+17,E aí que o 4chan DESVENDOU quem são os responsáveis pela bomba de Boston http://t.co/ZZu0An6h2p,51582409,LRagazzi,"boston_fake_03,boston_fake_35",Fri Apr 19 21:33:51 +0000 2013,fake
3.25E+17,Wow. This was posted yesterday on 4chan. Seemed like some people were in the know about the suspect. http://t.co/g7QU4AktXV,24276757,dennyluan,boston_fake_12,Fri Apr 19 07:30:56 +0000 2013,fake
3.24E+17,4chan spots a suspect http://t.co/Sb6t7nyP3b [http://t.co/ODs9wcPaxD] #consp @duncantrussell,1237247743,Reddit4DTFHfans,boston_fake_15,Wed Apr 17 04:46:25 +0000 2013,fake
3.25E+17,Here's the thread. Not one of the real suspects is on here. RT @brianboyer: 4chan is on it. Fascinating. http://t.co/R53NODzVtB,24774702,_DirtyCee,"boston_fake_03,boston_fake_35",Fri Apr 19 12:35:48 +0000 2013,fake
3.25E+17,#4chan crowdsourcing #Boston bomb investigation - /b/ http://t.co/7YcFjWsKo2,308422575,UnfitToPrint,"boston_fake_03,boston_fake_35",Thu Apr 18 00:12:06 +0000 2013,fake
3.25E+17,#4chan ThinkTank http://t.co/rnqC1QKu8R #BostonMarathon,589903475,Anonymous_48,"boston_fake_03,boston_fake_35",Thu Apr 18 11:22:10 +0000 2013,fake
3.25E+17,#4CHAN haciendo el trabajo del FBI http://t.co/CPONsVv0O8 o.O #Boston #/b/,225092182,Stanne_Z,"boston_fake_03,boston_fake_35",Wed Apr 17 20:29:02 +0000 2013,fake
3.25E+17,4chan picks out some boston suspects. crazy spooky. http://t.co/OqAbKozQav,11813582,mirceap,"boston_fake_03,boston_fake_35",Fri Apr 19 01:00:27 +0000 2013,fake
3.25E+17,It looks like 4chan might have really found something - Why are private http://t.co/iVYfUtQ2Mh [http://t.co/RbYBX2qXll] #anon @YourAnonNews,1350469116,rsubversive,boston_fake_18,Thu Apr 18 21:03:33 +0000 2013,fake
3.25E+17,this shit crazy. wonder if they photoshopped #4chan http://t.co/v00nx4Fw0D,206443802,rckgot1twatchin,"boston_fake_03,boston_fake_35",Thu Apr 18 02:27:38 +0000 2013,fake
3.25E+17,4Chan zoekt het uit. http://t.co/wMQbCv9W3R,66641469,JeffreyPieters,boston_fake_04,Wed Apr 17 18:31:33 +0000 2013,fake
3.24E+17,4chan beweert de bommenlegger uit #Boston te hebben gevonden op foto http://t.co/YDyFCkEPDb,142691676,loyvh,boston_fake_01,Wed Apr 17 10:26:29 +0000 2013,fake
3.25E+17,"Os caras do 4chan identificaram o terrorista da maratona de Boston, jura mesmo? https://t.co/reoR7wki6i http://t.co/MKUuo8PKyQ",10522982,JoaoLuiz,boston_fake_17,Wed Apr 17 13:58:32 +0000 2013,fake
3.25E+17,"No idea if \""Suspect 2\"" is missing Brown student Sunil Tripathi but looks more than a little like him: http://t.co/iwJ7iO3WKB",37636667,mtsw,boston_fake_30,Fri Apr 19 06:36:37 +0000 2013,fake
3.25E+17,En 4chan ya han encontrado a los terroristas de Boston http://t.co/Cb98QtbVcU #boston #4chan,360657338,gzapico,"boston_fake_03,boston_fake_35",Thu Apr 18 08:15:19 +0000 2013,fake
3.25E+17,"some follow up images on the 4chan post from an hour ago: http://t.co/QlqaMpdpXA\n\n\""The internet wins\"" -@teklocust",4739831,dwbl,"boston_fake_03,boston_fake_35",Sat Apr 20 06:06:01 +0000 2013,fake
3.24E+17,@th3j35t3r what do you make of what 4chan has come up with? http://t.co/sMWgRS2jo3,1126189711,ClownLilBro,boston_fake_04,Wed Apr 17 01:48:45 +0000 2013,fake
3.25E+17,4chan found the bomb http://t.co/Zrs8WOqomz,221060333,C_Y88,boston_fake_24,Wed Apr 17 15:00:04 +0000 2013,fake
3.25E+17,The man believed to be the bomber.. #boston #bostonbombing #bostonmarathon #prayforboston #pray4boston… http://t.co/akb08AyBld,22892301,TIHammer,boston_fake_02,Wed Apr 17 19:35:49 +0000 2013,fake
3.25E+17,http://t.co/xBNwxhIVHo #BostonMarathon #4chan via @reddit,26972597,The_Ni,"boston_fake_03,boston_fake_35",Wed Apr 17 14:23:50 +0000 2013,fake
3.25E+17,The internet wins. Did 4chan find the Boston Marathon bombers? http://t.co/45UUc5Gjal,1605021,carhartl,"boston_fake_03,boston_fake_35",Fri Apr 19 08:55:30 +0000 2013,fake
3.24E+17,@samsteinhp check out the 4chan kiddies investigative work http://t.co/7C1wRki92C,16259867,tmoneymonsta,boston_fake_26,Wed Apr 17 01:15:51 +0000 2013,fake
3.25E+17,"Una muestra que #4Chan no es solo mierda, sino una inteligencia anonima, a veces borracha, pero efectiva : http://t.co/wmD0pEejVM #Boston",15114233,ElReticente,"boston_fake_03,boston_fake_35",Thu Apr 18 04:27:38 +0000 2013,fake
3.24E+17,"Don't worry guys, 4chan is on the case now...  http://t.co/tv5u5N9tiy",15308003,rpriedy,boston_fake_26,Wed Apr 17 03:20:13 +0000 2013,fake
3.25E+17,#4Chan analizó las imágenes del atentado en #Boston y encontró supuestos implicados. http://t.co/84GH58OHJP,416678640,LuisDavCastillo,"boston_fake_03,boston_fake_35",Wed Apr 17 16:50:58 +0000 2013,fake
3.25E+17,Lets see if 4chan identified the bomber http://t.co/0kmcAxkqup http://t.co/kJZq8NAMx6,182672637,John_E_Smoker,boston_fake_22,Wed Apr 17 18:16:45 +0000 2013,fake
3.25E+17,Been following the stuff happening in boston. Got linked this regarding the bombings. http://t.co/hlDQKHxiC3 Sometimes 4chan gets it right,327970384,Sikoras1992,"boston_fake_03,boston_fake_35",Fri Apr 19 14:37:15 +0000 2013,fake
3.25E+17,Impressive and gamechanging - crowd-sourced detective work via 4chan http://t.co/OaESe8EiV9,40958266,DerekMartian,"boston_fake_03,boston_fake_35",Fri Apr 19 03:16:11 +0000 2013,fake
3.25E+17,4chan ThinkTank - Imgur http://t.co/ND1kJvPhKb,251738262,pinboardpopular,"boston_fake_03,boston_fake_35",Fri Apr 19 15:10:08 +0000 2013,fake
3.25E+17,@YourAnonNews  4chan spots another pair of suspects. This one really gave me chills. http://t.co/MMMaoxEVau,775750844,AnonJackAzzz,boston_fake_04,Wed Apr 17 13:19:41 +0000 2013,fake
3.25E+17,@bilinkis @goldenmax yo también tengo mis dudas de que este resuelto después de haber visto lo de 4chan. http://t.co/aU8pBZl4U2,44552093,soke_,"boston_fake_03,boston_fake_35",Sat Apr 20 02:10:29 +0000 2013,fake
3.24E+17,4chan spots a Boston Marathon bombings suspect http://t.co/mRFDwpNczH,6953352,shamhardy,boston_fake_15,Wed Apr 17 05:10:50 +0000 2013,fake
3.25E+17,#4chan's effort to catch the #Boston bombers - amazing http://t.co/mj0YoHuZW7,1330339369,3IPBitcoin,"boston_fake_03,boston_fake_35",Thu Apr 18 00:04:08 +0000 2013,fake
3.25E+17,RT @C_R3yna06: 4chan &gt; FBI http://t.co/da4FbhJwWs,44428351,TAK3OV3R,boston_fake_05,Wed Apr 17 15:53:31 +0000 2013,fake
3.25E+17,4chan ThinkTank - Imgur http://t.co/VOLezm4vxO,85853721,GugaCash,"boston_fake_03,boston_fake_35",Fri Apr 19 00:44:09 +0000 2013,fake
3.25E+17,Reddit and 4chan's efforts to identify the Boston bombers. http://t.co/nNnMLnBzms http://t.co/sBsROBIg2P Not even close,17153944,fraserferguson,"boston_fake_03,boston_fake_35",Fri Apr 19 13:05:08 +0000 2013,fake
3.25E+17,Plus look how he's carrying it. Looks like he's about to sit it down. #prayforboston http://t.co/YyWGdbsI1e,276369555,colegoodlett,boston_fake_01,Wed Apr 17 14:16:25 +0000 2013,fake
3.25E+17,"Kudos 4chan http://t.co/KccwMpAJr3 Damn, their images are better than the FBI's",26971007,blebon,"boston_fake_03,boston_fake_35",Fri Apr 19 08:37:55 +0000 2013,fake
3.25E+17,"I'll laugh my ass off if 4chan actually were able to find the bombing suspect, this picture looks somewhat convicing http://t.co/rk1eDwr7Vq",36779913,chris_longboard,boston_fake_14,Wed Apr 17 19:54:58 +0000 2013,fake
3.25E+17,It looks like 4chan might have really found something... #PrayForBoston #BostonBombing http://t.co/DrLPtbJ7pb,490491827,DaltonLGilbert,boston_fake_18,Thu Apr 18 21:21:09 +0000 2013,fake
3.25E+17,"Wow, so Sunil Tripathi is a Brown U Student that has been missing since March... http://t.co/ku2PtAuB4o.",43996430,cjbrinton,boston_fake_19,Fri Apr 19 07:25:14 +0000 2013,fake
3.25E+17,The people of Boston ask your help identifying these men associated with the backpack bombs at the Boston Marathon http://t.co/u5fX9Gksbf,16611239,Glossology,boston_fake_31,Wed Apr 17 17:19:27 +0000 2013,fake
3.25E+17,#Boston #4chan ThinkTank: http://t.co/AbLIYga34E,130234848,samueljcarlson,"boston_fake_03,boston_fake_35",Wed Apr 17 18:00:34 +0000 2013,fake
3.25E+17,@ReyxelRojiblank lo dicen por 4chan. De ahi sacaron las fotos los telediarios españoles haciendolas pasar x oficiales http://t.co/8S2sa3nAp2,355568240,yoryito2004,"boston_fake_03,boston_fake_35",Fri Apr 19 15:09:22 +0000 2013,fake
3.25E+17,@TheMatthewKeys Have you seen/heard anything about this? http://t.co/v82rdCVIqH (via @dcturner @SimoRoth &amp; 4Chan users ),16886246,Siouxfire,boston_fake_01,Wed Apr 17 14:21:03 +0000 2013,fake
3.25E+17,Se ve que los de 4chan ya han empezado http://t.co/onL4644fVG,335312155,CaoticaEconomia,"boston_fake_03,boston_fake_35",Fri Apr 19 06:36:32 +0000 2013,fake
3.25E+17,"@OClairouin @samuellaurent Et 4Chan étant 4Chan, ca donne aussi http://t.co/qv0ZSH2jB6",193786214,tseymat,boston_fake_26,Wed Apr 17 17:06:06 +0000 2013,fake
3.25E+17,"http://t.co/qOdBcSpmgG 4chan teve a manha, apos que a mídia nem vai falar nada",251241632,pedro_antuna,"boston_fake_03,boston_fake_35",Fri Apr 19 17:59:13 +0000 2013,fake
3.25E+17,http://t.co/oCwVNpf2PI http://t.co/9hwsuCH7TJ 83 C.S.I. 4chan.,1105084915,benittto6,boston_fake_07,Thu Apr 18 23:36:49 +0000 2013,fake
3.25E+17,Maybe we should outsource our intelligence work to #Reddit and #4chan: Check out http://t.co/hyLs9xHDis and http://t.co/hcciCk4uW2,10935232,eshep,"boston_fake_03,boston_fake_35",Wed Apr 17 17:43:42 +0000 2013,fake
3.25E+17,4chan is on the case. http://t.co/wHctp20bzf,19722133,MoronPundit,boston_fake_01,Wed Apr 17 14:16:08 +0000 2013,fake
3.25E+17,"so, 4chan helps find #bostonmarathon bombing suspect(s)? http://t.co/wkrFlxTL9D",15441577,m_dunn,"boston_fake_03,boston_fake_35",Wed Apr 17 17:57:06 +0000 2013,fake
3.25E+17,Los de 4chan cuando quieren son muy grandes. Buscando al causante de lo de Boston: http://t.co/AV0xaxekyX,112528053,Seroko111,boston_fake_29,Wed Apr 17 18:30:32 +0000 2013,fake
3.25E+17,some amazing analysis of the photographic evidence from the #bostonbombing by the guys at #4chan: http://t.co/YkNtXSjGr9,10468472,shanemagee,boston_fake_27,Fri Apr 19 13:16:35 +0000 2013,fake
3.25E+17,Fucking faggots B. I pray karma lets us get to them 1st America. #BostonBombers #prayforboston http://t.co/akkg2YdEQS,130547662,PictureSpitter,boston_fake_06,Thu Apr 18 21:36:40 +0000 2013,fake
3.25E+17,4chan tror sig ha hittat en misstänkt. http://t.co/GliZFUrrLt https://t.co/sCqwcSi5UM Alla är detektiver numera ;),18763641,davexphoto,"boston_fake_01,boston_fake_17",Wed Apr 17 13:38:03 +0000 2013,fake
3.25E+17,Shits crazy RT @Blueraydre: FBI missing person / Bombing suspect = Same person #4Chan http://t.co/FezORWhKV7,133608149,ALPRADA,boston_fake_10,Fri Apr 19 07:50:35 +0000 2013,fake
3.25E+17,http://t.co/43c7yFQSAt #boston #4chan,20729120,uaddafac,"boston_fake_03,boston_fake_35",Wed Apr 17 21:05:12 +0000 2013,fake
3.25E+17,#4Chan does #Boston http://t.co/4e3DthsbzF,20654315,abraaten,"boston_fake_03,boston_fake_35",Wed Apr 17 18:28:54 +0000 2013,fake
3.25E+17,"@JasonBarnett Probably not then, 4chan &amp; Reddit IDed younger guys. I saw another mention of a white baseball cap: http://t.co/Sc42hfu7Yi",1199551,TierneyODea,boston_fake_04,Wed Apr 17 18:29:34 +0000 2013,fake
3.25E+17,"Look at this #4chan thinktank pic gallery: http://t.co/51CkG45awR Remember those faces. If they're arrested, the Internet solved this case.",125386263,marty_lang,"boston_fake_03,boston_fake_35",Wed Apr 17 17:16:51 +0000 2013,fake
3.25E+17,4chan investiga lo de Boston. http://t.co/EZ35IYwBgS,255744834,Postfapshotgun,boston_fake_04,Thu Apr 18 07:41:23 +0000 2013,fake
3.24E+17,Damn 4chan already got the bomber http://t.co/bkvZkOwtvS,16259867,tmoneymonsta,boston_fake_15,Wed Apr 17 00:58:02 +0000 2013,fake
3.25E+17,Interesting case of internet vigilantism using #4Chan/#Reddit; response to #Boston http://t.co/jsK9B9UwfU http://t.co/HFmw7m0XAl @interwhut,285193554,myrandatanck,"boston_fake_03,boston_fake_35",Wed Apr 17 16:26:11 +0000 2013,fake
3.25E+17,Sunil Tripathi was last seen in March. http://t.co/Yn6V5xNXGC,35714423,vetoshield,boston_fake_19,Fri Apr 19 07:16:46 +0000 2013,fake
3.25E+17,@Genowolf Well here's a short explanation according to 4chan (who found him before the FBI) http://t.co/xqKLuMldnl,284792574,Boo_Billamy,boston_fake_12,Fri Apr 19 09:04:49 +0000 2013,fake
3.25E+17,Because 4chan doesn't like bad guys with no cause. http://t.co/lHK2NBqK2Q,600369612,SecretlyAlaskan,boston_fake_14,Wed Apr 17 12:46:23 +0000 2013,fake
3.25E+17,FBI believes they found the PREP who left the bag at the Boston Marathon looks American smh http://t.co/fDMBVFKmMR,29442869,JAY_AON,boston_fake_01,Wed Apr 17 18:06:56 +0000 2013,fake
3.25E+17,#boston #4chan #anon http://t.co/sOU5FGv3Fk,17576000,perlox,"boston_fake_03,boston_fake_35",Wed Apr 17 17:59:17 +0000 2013,fake
3.25E+17,#Boston bombing crowdsourced investigation. Fascinating and a bit scary too http://t.co/9Sgw6Tr2in #4chan #reddit,3558021,yan_luong,"boston_fake_03,boston_fake_35",Thu Apr 18 06:30:08 +0000 2013,fake
3.2526E+17,β€@Z00kiehne: Left-Boston suspect Right-jnatoli10 http://t.co/oy1UcQxRBLβ€ @jnatoli10,320547716,Z00kiehne,boston_real_27,Fri Apr 19 14:50:43 +0000 2013,real
3.25411E+17,#bostonstrong #usa #oneboston #onenation #prayforboston http://t.co/SdfIGWdFxH,343807557,JoeHarlacher,boston_real_27,Sat Apr 20 00:50:40 +0000 2013,real
3.25107E+17,"RT @nycjim Wow. \""@magicandrew From friend in news in Boston. MT @amorse9 http://t.co/pYPcGbtXrV Suspect #2 moving around corner on left.\""",491035616,Fadorkable,boston_real_15,Fri Apr 19 04:43:55 +0000 2013,real
3.25413E+17,They caught his ass in Boston suspect 1 is dead now suspect 2 will be in jail for the rest of his damnβ€¦ http://t.co/vnpkHuDKcx,919960741,AG3OFCIARA,boston_real_27,Sat Apr 20 00:58:30 +0000 2013,real
3.25423E+17,Game over Bitch #bostonmarathon http://t.co/1sQJC5be0l,233346017,disneymagic01,boston_real_27,Sat Apr 20 01:38:30 +0000 2013,real
3.25394E+17,"Nooo poor, sweet baby Martin before the explosion. πΆπ‘Ό omg I can't. #ripmartin #manhunt #bostonβ€¦ http://t.co/MZwQuOhr1v",36704900,CarolineLunny,boston_real_25,Fri Apr 19 23:40:50 +0000 2013,real
3.25319E+17,#prayforboston #prayfortheworldwelivein http://t.co/GQtpwqAmvm,319419019,egang22,boston_real_25,Fri Apr 19 18:43:49 +0000 2013,real
3.2509E+17,Here's a screen-grab from the new very high-res image that appears to show Boston suspect: http://t.co/X0DwVEx8AB (@ravisomaiya),5695632,BuzzFeed,boston_real_10,Fri Apr 19 03:36:16 +0000 2013,real
3.25095E+17,A very clear photo of suspect no. 2 in Boston -- check him out in white hat turning  corner on the left http://t.co/OnCLOX3JTm,28511309,JTMotorsports,boston_real_15,Fri Apr 19 03:53:14 +0000 2013,real
3.25064E+17,From a friend in local news in Boston. MT @amorse9: http://t.co/FRv0tIrBCe Suspect #2 moving around corner on left.,22307109,DrakeSax,boston_real_15,Fri Apr 19 01:51:17 +0000 2013,real
3.25007E+17,C'mon people lets work together and catch these fuckers #prayforboston #justicewillbeserved http://t.co/gXy9DuuuJE,224883277,aelias89,boston_real_24,Thu Apr 18 22:05:59 +0000 2013,real
3.25244E+17,La foto mas reciente del profugo terrorista Dzhokhar Tsarnaev http://t.co/UJoC7UaveI,34749742,jhonnoel,boston_real_27,Fri Apr 19 13:47:05 +0000 2013,real
3.25227E+17,"FBI just posted New Photo of Suspect #2,  Dzhokhar Tsarnaev.   #BostonMarthon http://t.co/FB7lbHGSCB",48034548,DenverNewsie,boston_real_27,Fri Apr 19 12:39:25 +0000 2013,real
3.25E+17,#4chan en chasse. RT “@joffrey: Boston suspects. http://t.co/V64bYrUt6q”,18002294,imnotalone,"boston_fake_03,boston_fake_35",Wed Apr 17 15:40:33 +0000 2013,fake
3.25E+17,Reddit is on to something... Boston Bomber #2 sure looks like missing student Sunil Tripathi.  http://t.co/GyCIuofsW4 http://t.co/koZ2qL8Od9,14456276,ChristianChance,boston_fake_13,Fri Apr 19 01:43:24 +0000 2013,fake
3.25E+17,Tweeted yesterday morning: RT @ScottBeale: 4chan’s analysis of photos from the Boston bombings http://t.co/g5M3DOkGYt,176585658,Jobanthe1st,"boston_fake_03,boston_fake_35",Thu Apr 18 23:52:22 +0000 2013,fake
3.25E+17,Did #4chan just identify a #Boston bombing suspect? http://t.co/qdHO2wiNGq,47395300,jriseden,boston_fake_01,Wed Apr 17 14:38:41 +0000 2013,fake
3.25E+17,Flipant les fotos creades desde 4chan per resoldre el tema de la marató de bostón : http://t.co/wk19uWHGU3 http://t.co/zrQhDJdgIz,203499546,ernestoschez,"boston_fake_03,boston_fake_35",Fri Apr 19 23:36:34 +0000 2013,fake
3.25E+17,My mind is blown - http://t.co/cudmctY3uE\n#4chan,16145556,copymatt,"boston_fake_03,boston_fake_35",Wed Apr 17 18:10:42 +0000 2013,fake
3.26E+17,4chan analysis of the Boston bombs.. they look like secret police! http://t.co/GuajqSaJUj #4chan #boston #bombs #internetjustice,201185778,McKGraKucPauNad,"boston_fake_03,boston_fake_35",Sat Apr 20 19:40:43 +0000 2013,fake
3.25E+17,Wow... the missing kid Sunil Tripathi sure does look like suspect #2... http://t.co/uegrHmBeJJ,8349572,justin_hart,boston_fake_13,Fri Apr 19 03:04:41 +0000 2013,fake
3.25E+17,The internet is an amazing thing. #4chan \nhttp://t.co/kgnanlYVnP,116903390,mongrol23,"boston_fake_03,boston_fake_35",Thu Apr 18 01:24:30 +0000 2013,fake
3.25E+17,People seem sure this is the ID'd suspect http://t.co/bAqmmF8u0g Can they find any credible news feeds confirming it?,46051092,RichardLuciano1,boston_fake_14,Wed Apr 17 17:47:56 +0000 2013,fake
3.25E+17,"\""@dallassnyder: Did 4chan just find the Boston bomber? http://t.co/POjR3wXrWl\"" @danrweki @davie_mo @rude_end @RugyendoQuotes",279004495,Mr_Bgzmc,"boston_fake_03,boston_fake_35",Fri Apr 19 12:00:51 +0000 2013,fake
3.25E+17,So eery RT @tommyrusso: Amazing Work! #4Chan crowdsources #bomb suspect PHOTOS! http://t.co/FGrTohNiUU,48133037,chefklb01,"boston_fake_03,boston_fake_35",Wed Apr 17 21:02:24 +0000 2013,fake
3.25E+17,Amazing Work! #4Chan crowdsources #bomb suspect PHOTOS! http://t.co/pBCKU3M7RK,3382981,tommyrusso,"boston_fake_03,boston_fake_35",Wed Apr 17 19:56:14 +0000 2013,fake
3.25E+17,RT @tommyrusso: Amazing Work! #4Chan crowdsources #bomb suspect PHOTOS! http://t.co/Jy7aUSDTFN #boston #prayforboston,423957364,Caleb__bartlett,"boston_fake_03,boston_fake_35",Wed Apr 17 20:57:41 +0000 2013,fake
3.25E+17,RT @tommyrusso: Amazing Work! #4Chan crowdsources #bomb suspect PHOTOS! http://t.co/Jy7aUSDTFN #boston #prayforboston,15878114,erikblair,"boston_fake_03,boston_fake_35",Wed Apr 17 20:36:06 +0000 2013,fake
3.25E+17,"FBI Hunting for 2 Arab Men seen Holding Bags with Bombs at Marathon Explosion. http://t.co/ui7JoGhFCt Photo: http://t.co/754isZ1B8v\""",270194849,FinaBucher,boston_fake_32,Thu Apr 18 14:41:48 +0000 2013,fake
3.25E+17,Boston – FBI Hunting for 2 Arab Men seen Holding Bags with Bombs atMarathon Explosion. http://t.co/yndOBf1VUU  Photo: http://t.co/iTiCnIcnX8,629701822,kingcmoney24,boston_fake_32,Thu Apr 18 16:35:51 +0000 2013,fake
3.25E+17,Boston – FBI Hunting for 2 Arab Men seen Holding Bags with Bombs at Marathon Explosion. http://t.co/XAegnqiMVs Photo: http://t.co/hq8Iw7jVSB,25222914,vosiznies,boston_fake_32,Thu Apr 18 13:27:13 +0000 2013,fake
3.25E+17,“@13Damage: BREAKING: 4chan on Imgur helping to find possible bombing suspect. Spread the info please http://t.co/Lv2Cxi0z5n”,57419906,JamMasterJim,"boston_fake_03,boston_fake_35",Wed Apr 17 19:43:13 +0000 2013,fake
3.25E+17,Extensive analysis of possible Boston marathon bombing suspect pictures. Amazing what can be seen after fact http://t.co/pixKWCwyjI,61306156,jim_utter,"boston_fake_03,boston_fake_35",Wed Apr 17 20:17:12 +0000 2013,fake
3.25E+17,This site has a ton of evidence (pictures) on who they believe the bombing suspect is from Monday's Boston Marathon. http://t.co/jI4j8ukpmt,376041160,Tulaneproblems,"boston_fake_03,boston_fake_35",Wed Apr 17 19:47:30 +0000 2013,fake
3.25E+17,"WOW! Look at this from the bombing...suspect pictures, etc. http://t.co/7aHT49qSm3 http://t.co/wfUp3s6h2q",15194217,MomDot,"boston_fake_03,boston_fake_35",Wed Apr 17 17:37:03 +0000 2013,fake
3.25E+17,What happens when you give 4chan Pictures of the Boston Bombing? http://t.co/YZssTQTAbZ,20316389,leonoldman,boston_fake_20,Wed Apr 17 14:03:02 +0000 2013,fake
3.25E+17,"CNN keeps referencing these images as the possible suspect of Boston bombing: http://t.co/5GtZuACutC Not confirmed, but they think it's him.",30301496,ValeWolf,boston_fake_02,Wed Apr 17 18:22:50 +0000 2013,fake
3.25E+17,POSSIBLE pics of the bombing suspect http://t.co/4Let6JyJ0u http://t.co/CS2HU5FNQD,345960906,i__Cam,"boston_fake_16,boston_fake_17",Wed Apr 17 17:55:36 +0000 2013,fake
3.25E+17,BREAKING: 4chan on Imgur helping to find possible bombing suspect. Spread the info please http://t.co/I1pj0ZUX3x,735424633,IndioTechKnow,"boston_fake_03,boston_fake_35",Wed Apr 17 18:51:29 +0000 2013,fake
3.25E+17,Pictures of possible suspect in the marathon bombing #BostonStrong http://t.co/PCcl4oz6Wc,26538294,BostonDuke,"boston_fake_03,boston_fake_35",Wed Apr 17 13:56:37 +0000 2013,fake
3.25E+17,Here are some better pics of the bombing suspect:  http://t.co/O2XEIPvSKj….    http://t.co/XQY1yh4HOv,17430737,eaglesdontflock,"boston_fake_03,boston_fake_35",Wed Apr 17 17:42:55 +0000 2013,fake
3.25E+17,"really good collection of pictures from the bombing, ID'ing a possible suspect or two.. http://t.co/Ji3uwBrMeL",612320117,mindofaloner,"boston_fake_03,boston_fake_35",Wed Apr 17 20:49:29 +0000 2013,fake
3.25E+17,4chan may have possibly found the bomber http://t.co/sYHDit5Jql #boston #fbi,565203769,SamTEXASShelton,boston_fake_01,Wed Apr 17 18:04:37 +0000 2013,fake
3.25E+17,Some people on 4chan think they've found the Boston Marathon bomber. Pics: https://t.co/hXSy7pRJmG \nhttp://t.co/b6aBpsPDgR  You thoughts?,15795580,Jake_W,"boston_fake_01,boston_fake_16",Wed Apr 17 14:36:22 +0000 2013,fake
3.25E+17,4chan may have found the bomber http://t.co/8WgBpTobZP,79222411,Buddish_Atheist,boston_fake_01,Wed Apr 17 12:37:46 +0000 2013,fake
3.25E+17,.@bwake77 Someone from 4chan might have found the bomber. \nhttp://t.co/vGDU99gh9D,131997737,kiki_strumm3r,boston_fake_01,Wed Apr 17 13:22:21 +0000 2013,fake
3.25E+17,4chan may have found the bomber http://t.co/O5eCzW5t8N,97799827,Jake_Hicks77,boston_fake_01,Wed Apr 17 14:55:44 +0000 2013,fake
3.25E+17,Wooooooooow 4chan found the Boston bomber??? http://t.co/t6nm3K1VfW,132601075,IsaacHaze85,boston_fake_01,Wed Apr 17 15:59:23 +0000 2013,fake
3.25E+17,4Chan *may* have found the Boston Marathon bomber http://t.co/9qaVHcy2lI http://t.co/muPn4k1Tjn http://t.co/f54RxTD904,15941343,db,"boston_fake_01,boston_fake_16,boston_fake_17",Wed Apr 17 17:20:32 +0000 2013,fake
3.24E+17,"\""4chan may have found the bomber\"" http://t.co/OFv018lyP1",65639095,ShikkokuNoHana,boston_fake_01,Wed Apr 17 10:52:22 +0000 2013,fake
3.25E+17,!!!! 4chan might have just found the Boston bomber: http://t.co/jBpq59fwsQ,15459365,Larington,boston_fake_01,Wed Apr 17 12:53:47 +0000 2013,fake
3.25E+17,“@SimoRoth: !!!! 4chan might have just found the Boston bomber: http://t.co/PFDGNzuKin”  &lt; Amazing if this turns out to be true,14234180,jearle,boston_fake_01,Wed Apr 17 13:05:12 +0000 2013,fake
3.25E+17,4Chan may have found the bomber:\nhttp://t.co/NbnR1v9VYM &amp; http://t.co/8EG7FATluO &amp; http://t.co/HJZx1LuAVq\nIs that the 8yr old in yellow sqr?,179986153,gregdickey,"boston_fake_01,boston_fake_16,boston_fake_17",Wed Apr 17 17:21:36 +0000 2013,fake
3.25E+17,@dansinker Did you see this post? here's a gif of the missing brown student blending into the boston bombing suspect\n http://t.co/d27pWdvZUK,57345997,JarredMcGinnis,boston_fake_10,Fri Apr 19 08:29:58 +0000 2013,fake
3.25E+17,wow RT @BillyCorben: Gif of missing Brown University student Sunil Tripathi and Suspect 2 in Boston Marathon bombing: http://t.co/viQvc4pjzB,18198414,warriorsworld,boston_fake_10,Fri Apr 19 07:36:38 +0000 2013,fake
3.25E+17,“RT @BillyCorben: Gif of missing Brown University student Sunil Tripathi and Suspect 2 in Boston Marathon bombing: http://t.co/sS3cY70Xmd” 😧,59021599,theclarissab,boston_fake_10,Fri Apr 19 08:12:03 +0000 2013,fake
3.25E+17,I think it's safe to say this is suspect 2 and Boston police scanner has identified him by name https://t.co/I95ZkqGDSf,14016032,CDReed,boston_fake_21,Fri Apr 19 07:18:01 +0000 2013,fake
3.25E+17,Alleged Boston Bombing Suspect Photo Timeline: http://t.co/pNtIunONXJ #boston #marathon #4chan,4913841,ADNxtc,"boston_fake_03,boston_fake_35",Wed Apr 17 21:39:42 +0000 2013,fake
3.25E+17,Second suspect in the Boston Bombings http://t.co/DAjka26PHI,15933201,Icey_Ranks,boston_fake_01,Wed Apr 17 16:07:10 +0000 2013,fake
3.25E+17,Good compilation of Boston suspect photos/evidence. RT @gothamity: http://t.co/UHQipaAyaD,10103142,DirtySocks85,"boston_fake_03,boston_fake_35",Fri Apr 19 00:24:15 +0000 2013,fake
3.25E+17,Suspect for Boston bombing: http://t.co/qmnwPMsiz5,83416503,JohnJCooke,boston_fake_08,Wed Apr 17 18:55:18 +0000 2013,fake
3.25E+17,http://t.co/rdcx4cgQNW BOSTON SUSPECT ID'D? #prayforboston #boston #marathon #bostonmarathon,257276752,GTreize13,"boston_fake_03,boston_fake_35",Wed Apr 17 19:03:33 +0000 2013,fake
3.25E+17,This going around about Boston bombing suspect #Boston #prayforboston \n        http://t.co/YWJiMpmKEZ,1262145379,DESTINATIONphto,"boston_fake_03,boston_fake_35",Wed Apr 17 13:47:47 +0000 2013,fake
3.25E+17,"While everybody Tweets about possible ID of Boston marathon bombing suspect, this is DEFINITELY worth a look - http://t.co/0RHZ1V2Gxj",217430745,DanBrechlinRJ,"boston_fake_03,boston_fake_35",Wed Apr 17 17:26:41 +0000 2013,fake
3.25E+17,An interesting GIF of the missing Brown student and the Boston Marathon suspect http://t.co/mtPUoPrMb9,465947829,jeverettesports,boston_fake_10,Fri Apr 19 08:03:09 +0000 2013,fake
3.25E+17,Morphing du suspect de Boston et celui arrêté ce soir (mort ? ) http://t.co/IVOxnEzY5z,591487443,truit49,boston_fake_10,Fri Apr 19 09:22:24 +0000 2013,fake
3.25E+17,@NickyAACampbell Boston bomb suspect Sunil Tripathi https://t.co/ReF1Hmfngv,138477097,4d2b,boston_fake_11,Fri Apr 19 08:01:54 +0000 2013,fake
3.25E+17,4Chan crowd-sourcing the Boston marathon bombing suspect search via security footage: http://t.co/1VuBqDgCnw,255151550,Laur_Ly,"boston_fake_03,boston_fake_35",Wed Apr 17 20:54:46 +0000 2013,fake
3.25E+17,"RT \""@sodagrrl: More images of bombing suspect? http://t.co/geBhZ6NC1q\"" #BostonMarathon #BostonBombings",188337532,Jaysway4,"boston_fake_03,boston_fake_35",Wed Apr 17 20:56:30 +0000 2013,fake
3.25E+17,Photo collage showing apparent bombing suspect.  I can't vouch for the source though.  #24hourNews http://t.co/VaDma7dvH1,16044083,cscojames,boston_fake_28,Wed Apr 17 18:43:14 +0000 2013,fake
3.25E+17,Boston Bombing Suspect? http://t.co/ExORdEKI6M,116553896,BRADOnTheBeat,boston_fake_14,Wed Apr 17 15:56:08 +0000 2013,fake
3.25E+17,Boston marathon suspect Pictures http://t.co/lnSptYRcmu\nhttp://t.co/j65rHXOKdV\nhttp://t.co/79P47s9G07,14541832,fireashes,"boston_fake_01,boston_fake_16,boston_fake_17",Wed Apr 17 18:10:33 +0000 2013,fake
3.25E+17,@DJDharmaNYC Boston Marathon Bombing Suspect: ID'd By 4Chan Think Tank? | http://t.co/MQPtvYB8sQ | http://t.co/LHM2HTwpcV,310552948,trustkill28,"boston_fake_03,boston_fake_35",Thu Apr 18 21:53:56 +0000 2013,fake
3.25E+17,“@tradefast: very nice work - re bombing suspect http://t.co/UGNscEvylf”,46791557,awaknd,"boston_fake_03,boston_fake_35",Wed Apr 17 19:58:40 +0000 2013,fake
3.25E+17,RT @chucktweet: Interesting photo composites and notes on potential Boston bombing suspect backpacks. http://t.co/gxWTB7fPqL,28741557,ThommyNoodlez,"boston_fake_03,boston_fake_35",Wed Apr 17 20:42:45 +0000 2013,fake
3.25E+17,@PhillyD Maybe give this a RT. Possible suspect from the Boston Marathon. http://t.co/XTNhlnagUs\n\nFull gallery http://t.co/q11e4g88yP,29290431,MyNameIs_Landon,"boston_fake_03,boston_fake_07,boston_fake_35",Wed Apr 17 16:33:11 +0000 2013,fake
3.25E+17,RT @Salon: GIF compares missing Brown student Sunil Tripathi to Boston bomb suspect named on police scanner http://t.co/cYiKEuI7ad,39176578,91Jayhawk,boston_fake_10,Fri Apr 19 07:43:03 +0000 2013,fake
3.25E+17,Boston Bomber suspect is missing person Sunil Tripathi http://t.co/vX3JpU1maU,319791338,LegenDerry_,boston_fake_33,Fri Apr 19 02:46:03 +0000 2013,fake
3.25E+17,interesting photo http://t.co/BBUV2VmW6o Boston suspect #2?,474363536,JonTytor,boston_fake_25,Fri Apr 19 07:31:15 +0000 2013,fake
3.25E+17,More images of bombing suspect? http://t.co/QybGwWmm54,17292374,sodagrrl,"boston_fake_03,boston_fake_35",Wed Apr 17 17:55:17 +0000 2013,fake
3.25E+17,Possible suspect in Boston bombing? http://t.co/coVIB7vBmI #auspol,50858723,Tadlette,boston_fake_14,Wed Apr 17 14:42:35 +0000 2013,fake
3.25E+17,Possible suspects identified  - http://t.co/vELg37ddTG #Bostonbombings #4chan,39736888,Bernie_Nam,"boston_fake_03,boston_fake_35",Thu Apr 18 11:43:01 +0000 2013,fake
3.25E+17,4chan sur les traces du poseur de bombes de Boston http://t.co/EV7f9rtQ0U,147967552,pigxid,boston_fake_04,Wed Apr 17 17:03:16 +0000 2013,fake
3.25E+17,RT @Nico_dude: 4chan sur les traces du poseur de bombes de Boston http://t.co/jbmEquwBYJ,18342885,jthibon,boston_fake_04,Wed Apr 17 16:22:52 +0000 2013,fake
3.25E+17,4chan sur les traces du poseur de bombes de Boston http://t.co/1n14IVLsQt,80682624,Nico_dude,boston_fake_04,Wed Apr 17 16:19:09 +0000 2013,fake
4.42E+17,"Gambar Ini BUKAN MH370, ini adalah gambar dari insiden kapalterbang terhempas di Sicily pada 6Ogos2005 #PrayForMH370 http://t.co/Sk8ygjAva5",826734584,EyyqaSyahira,malaysia_fake_01,Sun Mar 09 01:57:20 +0000 2014,fake
4.43E+17,"Gambar Ini BUKAN MH370, ini adalah gambar dari insiden kapalterbang terhempas di Sicily pada 6Ogos2005 #PrayForMH370 http://t.co/Sk8ygjAva5",1164893149,Azmanfadzil25,malaysia_fake_01,Sun Mar 09 06:53:36 +0000 2014,fake
4.42E+17,"Gambar Ini BUKAN MH370, ini adalah gambar dari insiden kapalterbang terhempas di Sicily pada 6Ogos2005 #PrayForMH370 http://t.co/Sk8ygjAva5",1032623821,hajarsharum,malaysia_fake_01,Sun Mar 09 00:36:37 +0000 2014,fake
4.42E+17,"Gambar Ini BUKAN MH370, ini adalah gambar dari insiden kapalterbang terhempas di Sicily pada 6Ogos2005 #PrayForMH370 http://t.co/Sk8ygjAva5",1694043624,FatienZafierah,malaysia_fake_01,Sat Mar 08 17:06:01 +0000 2014,fake
4.43E+17,"Gambar Ini BUKAN MH370, ini adalah gambar dari insiden kapalterbang terhempas di Sicily pada 6Ogos2005 #PrayForMH370 http://t.co/Sk8ygjAva5",374539275,nurulizzahss,malaysia_fake_01,Sun Mar 09 06:19:16 +0000 2014,fake
4.43E+17,"Gambar Ini BUKAN MH370, ini adalah gambar dari insiden kapalterbang terhempas di Sicily pada 6Ogos2005 #PrayForMH370 http://t.co/Sk8ygjAva5",1351193412,Afifff_,malaysia_fake_01,Sun Mar 09 03:49:00 +0000 2014,fake
4.42E+17,"Gambar Ini BUKAN MH370, ini adalah gambar dari insiden kapalterbang terhempas di Sicily pada 6Ogos2005 #PrayForMH370 http://t.co/Sk8ygjAva5",119347277,AndykaPutera,malaysia_fake_01,Sat Mar 08 17:44:51 +0000 2014,fake
4.43E+17,"Gambar Ini BUKAN MH370, ini adalah gambar dari insiden kapalterbang terhempas di Sicily pada 6Ogos2005 #PrayForMH370 http://t.co/Sk8ygjAva5",606285289,Ainul_Farhanah,malaysia_fake_01,Sun Mar 09 03:57:47 +0000 2014,fake
4.43E+17,"Gambar Ini BUKAN MH370, ini adalah gambar dari insiden kapalterbang terhempas di Sicily pada 6Ogos2005 #PrayForMH370 http://t.co/Sk8ygjAva5",199271427,SarahAgusII,malaysia_fake_01,Mon Mar 10 03:39:59 +0000 2014,fake
4.42E+17,"Gambar Ini BUKAN MH370, ini adalah gambar dari insiden kapalterbang terhempas di Sicily pada 6Ogos2005 #PrayForMH370 http://t.co/Sk8ygjAva5",445287751,Nasri_rey,malaysia_fake_01,Sun Mar 09 01:38:34 +0000 2014,fake
4.43E+17,"Gambar Ini BUKAN MH370, ini adalah gambar dari insiden kapalterbang terhempas di Sicily pada 6Ogos2005 #PrayForMH370 http://t.co/Sk8ygjAva5",845588972,kechikkepengg,malaysia_fake_01,Sun Mar 09 16:16:21 +0000 2014,fake
4.43E+17,"Gambar Ini BUKAN MH370, ini adalah gambar dari insiden kapalterbang terhempas di Sicily pada 6Ogos2005 #PrayForMH370 http://t.co/Sk8ygjAva5",2311356752,JordanOoi97,malaysia_fake_01,Sun Mar 09 04:35:39 +0000 2014,fake
4.43E+17,"Gambar Ini BUKAN MH370, ini adalah gambar dari insiden kapalterbang terhempas di Sicily pada 6Ogos2005 #PrayForMH370 http://t.co/Sk8ygjAva5",450830822,Ms_Syafiza,malaysia_fake_01,Sun Mar 09 08:50:58 +0000 2014,fake
4.43E+17,"Gambar Ini BUKAN MH370, ini adalah gambar dari insiden kapalterbang terhempas di Sicily pada 6Ogos2005 #PrayForMH370 http://t.co/Sk8ygjAva5",252450917,Shameelaz,malaysia_fake_01,Sun Mar 09 08:44:09 +0000 2014,fake
4.42E+17,"Gambar Ini BUKAN MH370, ini adalah gambar dari insiden kapalterbang terhempas di Sicily pada 6Ogos2005 #PrayForMH370 http://t.co/Sk8ygjAva5",1204365392,WankyReggae,malaysia_fake_01,Sat Mar 08 16:51:17 +0000 2014,fake
3.25026E+17,#FBI #Suspected #Boston #BostonMarathon #Prayforboston #pray4boston http://t.co/Hn6ZgqhYhj,129959523,FedeMaXiPeru,boston_real_24,Thu Apr 18 23:19:05 +0000 2013,real
3.25101E+17,A very clear photo of suspect no. 2 in Boston -- check him out in white hat turning  corner on the left http://t.co/OnCLOX3JTm,101315380,Duckfannumero1,boston_real_15,Fri Apr 19 04:19:02 +0000 2013,real
3.2515E+17,You're done!! Can't wait until they find these assholes!! #prayforboston #justice π™β¤ http://t.co/pPX1iDNoNU,244653228,JBunnySnooks90,"boston_real_06,boston_real_07",Fri Apr 19 07:33:58 +0000 2013,real
3.25173E+17,"Police: Boston bombing \""Suspect #2\"" reportedly armed and dangerous still on the loose -- latest photo: http://t.co/4IaxRbq36o",14511951,HuffingtonPost,boston_real_11,Fri Apr 19 09:02:42 +0000 2013,real
3.254E+17,"#Dzokhar #Tsarnaev #gta #saintsrow #gameover #boston #marathon Use game genie next time, you'll lastβ€¦ http://t.co/lPAGRFTLRW",202070599,JerseyJiN410,boston_real_27,Sat Apr 20 00:05:38 +0000 2013,real
3.25274E+17,Victim Martin Richard standing in front of bomber moments before #prayforboston #RIP πΆ http://t.co/04kBxmIrgd,314330551,Maria_Renee8,boston_real_25,Fri Apr 19 15:45:56 +0000 2013,real
3.25447E+17,They finally caught his bitch ass!!!! Haha im happy :) #HappyAsFuck #ThugShit #USA #PrayForBoston http://t.co/R8UeyVgX5i,411821971,pablitococone,boston_real_21,Sat Apr 20 03:13:29 +0000 2013,real
3.25421E+17,So glad they caught both of the bombers...! Justice will prevail... #prayforboston http://t.co/950KB5TNxU,237404566,BreBre_Barnes,boston_real_26,Sat Apr 20 01:31:24 +0000 2013,real
3.25078E+17,@cnnbrk 2nd suspect in Boston bombing with white hat look far left he leaves after bomb went off/http://t.co/uLAY31bff3,219185369,tribaldragon35,boston_real_15,Fri Apr 19 02:46:18 +0000 2013,real
3.25411E+17,BREAKING NEWS: BOSTON POLICE GOT EM!!!!! 2nd Suspect in Custody!!! #boston http://t.co/JExFbh0h3L,351877562,Boricua_15,boston_real_27,Sat Apr 20 00:51:54 +0000 2013,real
3.25118E+17,"Interesting post from 4chan... Suspect and backpack that exploded in red, 8-year old victim who died in blue. http://t.co/z8lWYHZA2W",152423427,Mandell220,boston_real_25,Fri Apr 19 05:24:01 +0000 2013,real
3.25228E+17,"FBI just posted New Photo of Suspect #2,  Dzhokhar Tsarnaev.   #BostonMarthon http://t.co/FB7lbHGSCB",54422488,andyjohnson_,boston_real_27,Fri Apr 19 12:44:01 +0000 2013,real
3.25005E+17,Suspect photos in the Boston bombing released: http://t.co/SyhvvlbEFx,415140227,wolfetny,boston_real_24,Thu Apr 18 21:56:01 +0000 2013,real
3.25227E+17,This picture is UNBELIEVABLE...Poor little Martin! Catch that bastard!!! #BostonStrong #PrayForBoston http://t.co/7VPfelUsd3,36220199,Tami_Nguyen,boston_real_25,Fri Apr 19 12:37:38 +0000 2013,real
4.42E+17,"Gambar Ini BUKAN MH370, ini adalah gambar dari insiden kapalterbang terhempas di Sicily pada 6Ogos2005 #PrayForMH370 http://t.co/Sk8ygjAva5",706946977,Nunasriq,malaysia_fake_01,Sun Mar 09 02:51:08 +0000 2014,fake
4.43E+17,"Gambar Ini BUKAN MH370, ini adalah gambar dari insiden kapalterbang terhempas di Sicily pada 6Ogos2005 #PrayForMH370 http://t.co/Sk8ygjAva5",755515638,zkkuan,malaysia_fake_01,Sun Mar 09 04:18:53 +0000 2014,fake
4.43E+17,"Gambar Ini BUKAN MH370, ini adalah gambar dari insiden kapalterbang terhempas di Sicily pada 6Ogos2005 #PrayForMH370 http://t.co/Sk8ygjAva5",2229469542,Waone_Efendy,malaysia_fake_01,Sun Mar 09 04:58:01 +0000 2014,fake
4.42E+17,"\""@MohdRizw: RT \""Finally they found the MH370. Please confirm and hope for the good news :') #PrayForMH370 http://t.co/7abEfJ3IAm\""\""",2315386981,cindychuaz,malaysia_fake_28,Sun Mar 09 01:34:45 +0000 2014,fake
4.43E+17,Finally they found the MH370. Please confirm and hope fot the good news Y_Y #PrayForMH370 http://t.co/qRGccCn9yk,474119609,EhFizah,malaysia_fake_28,Mon Mar 10 14:15:07 +0000 2014,fake
4.42E+17,Finally they found the MH370. Please confirm and hope fot the good news Y_Y #PrayForMH370 http://t.co/qRGccCn9yk,98085970,MonkeyzGolf,malaysia_fake_28,Sat Mar 08 19:38:07 +0000 2014,fake
4.42E+17,"RT \""Finally they found the MH370. Please confirm and hope for the good news :') #PrayForMH370 http://t.co/NwkBdgYAJE\""",841327706,NurulFykaa,malaysia_fake_28,Sat Mar 08 18:16:09 +0000 2014,fake
4.42E+17,"RT \""Finally they found the MH370. Please confirm and hope for the good news :') #PrayForMH370 http://t.co/NwkBdgYAJE\""",309416483,MohdRizw,malaysia_fake_28,Sat Mar 08 17:37:58 +0000 2014,fake
4.42E+17,Finally they found the MH370. Please confirm and hope fot the good news Y_Y #PrayForMH370 http://t.co/qRGccCn9yk,386984914,popoporing,malaysia_fake_28,Sat Mar 08 17:12:53 +0000 2014,fake
4.48E+17,"WHEREVER YOU GO NO ONE WILL EVER KNOW\nWhats with this advertise huh, like this's the reason MH370 never found? http://t.co/mZZ8ZG4Vic",391236572,jongjungs,malaysia_fake_21,Mon Mar 24 22:04:09 +0000 2014,fake
4.51E+17,"MH370 ? RT\""@ImGunnar: I found the plane http://t.co/kkpuL7HkBP\""",773006262,wandameilina,malaysia_fake_13,Mon Mar 31 22:58:52 +0000 2014,fake
4.46E+17,MH370 found in near Bermuda Triangle http://t.co/IUH9jBKlVt,634159957,sayfull46,malaysia_fake_11,Wed Mar 19 08:45:30 +0000 2014,fake
4.45E+17,Redditor feels he's found MH370. Middle of Malacca Strait.  http://t.co/FkEKrKuWpB,19710007,crystalunicorn,malaysia_fake_18,Sat Mar 15 22:42:55 +0000 2014,fake
4.46E+17,"Hoax bro, walaupun ada gambar / videonya .... @sayfull46: MH370 found in near Bermuda Triangle http://t.co/Had1DjqYJl\""",260259955,samadian99,malaysia_fake_11,Wed Mar 19 11:04:11 +0000 2014,fake
4.47E+17,"I check the headlines like 20 times a day hoping to see that MH370 is found, this is the best headline yet http://t.co/lE8ZKQO1DF",1447064820,ffritzieswift,malaysia_fake_28,Thu Mar 20 20:34:16 +0000 2014,fake
4.43E+17,“@270512: LMFAO !!!! http://t.co/3GUPxa3Iud”MH370 found,365506964,gieismyname_,malaysia_fake_28,Mon Mar 10 13:34:45 +0000 2014,fake
4.46E+17,Missing MH370 captures found at taiwan forest by the student over there... http://t.co/FBOCqKaQSp,1075389182,makkal_osai,malaysia_fake_15,Thu Mar 20 03:38:43 +0000 2014,fake
4.46E+17,@sudhirchaudhary @ZeeNews Is it real MH370 http://t.co/59lhGaHcNG,1897494373,RaviDmishra,malaysia_fake_03,Tue Mar 18 18:46:03 +0000 2014,fake
4.42E+17,"\""@EXOffical_: I hope this is happening #PrayForMH370 http://t.co/P7b9JIGQ8G\"" harap sgt2 jumpa MH370 dlm keadaan ni. :'(",47899778,AinFerdinand,malaysia_fake_09,Sun Mar 09 03:17:54 +0000 2014,fake
4.43E+17,"Ya Allah, eventhough this is not real, but i hope this will happened to MH370. #PrayForMH370 http://t.co/J7viHjkmfQ",2376921318,srhawsm,malaysia_fake_09,Sun Mar 09 04:26:47 +0000 2014,fake
4.43E+17,This is a fake pic of the MH370 floating on the internet RT @Skullivate:  #PrayForMH370 http://t.co/Buu8NpAZTA,407595287,Puyfaika,malaysia_fake_01,Mon Mar 10 03:06:30 +0000 2014,fake
4.47E+17,"\""Where you will go no one will know\"" a bit ironic considering MH370 is missing.and it seems NO ONE WILL EVER KNOW! :P http://t.co/Kj5RMbbb0W",554638440,LuzeenaRaja,malaysia_fake_21,Sat Mar 22 15:39:51 +0000 2014,fake
4.46E+17,"“@rfirsyadi: Where the hell is MH370? With all this advance technology, how come they can't find the airplane?” http://t.co/CcVkvdpcIs",493917472,sarranisa,malaysia_fake_21,Wed Mar 19 09:21:45 +0000 2014,fake
4.55E+17,"I want to hope MH370 is in Afghanistan, passengers still alive than in Indian Ocean and died. Pings? No wreckage. http://t.co/hrAAMe1DOi",241106256,ShaunKwong,malaysia_fake_28,Sat Apr 12 02:54:48 +0000 2014,fake
4.43E+17,"MH370 Vietnam search rescue aircraft spotted new floating object.Authorities are not sure what it is. http://t.co/782aUVYTYd\"" tupperware la",537221274,Fiq_Fique,malaysia_fake_16,Sun Mar 09 14:16:33 +0000 2014,fake
4.55E+17,"Russia are now saying that flight MH370 was hijacked and taken to Afganistan, what is even going on haha http://t.co/keTVUmYKhT",64622395,ory_jie,malaysia_fake_28,Sun Apr 13 08:42:21 +0000 2014,fake
4.46E+17,@Noddyshot now u can stop asking me and @LoubieSav where the MH370 is http://t.co/E3SfJuK4j4,437041993,JessicaSmith_UK,malaysia_fake_21,Tue Mar 18 18:17:29 +0000 2014,fake
4.46E+17,@BostonDotCom MH370 may be spotted by a Taiwan college student. site is Chinese need translate http://t.co/OFD4ynxAko http://t.co/vLuoTsmkUi,1467206756,RaphaelChung1,malaysia_fake_15,Tue Mar 18 05:01:10 +0000 2014,fake
4.43E+17,I hope this is happening to mh370 http://t.co/h4aDh0qUZ4,312440934,Hasif_Safwan,malaysia_fake_09,Sun Mar 09 03:55:09 +0000 2014,fake
4.46E+17,"Finally we get something about #malaysian flight MH370, someone saw it and I still believe they are alright. http://t.co/pRKE809pJZ",76295872,AOI4You,malaysia_fake_15,Wed Mar 19 05:50:24 +0000 2014,fake
4.46E+17,Web sleuths claim to have spotted missing Flight MH370.This image was found by an university student in Taiwan. http://t.co/U5SBkxU9Ia,168965711,kariukimusa,malaysia_fake_15,Wed Mar 19 11:08:43 +0000 2014,fake
4.42E+17,hope that this will happen to MH370 #PrayForMH370  http://t.co/CUc6ExwHGr,128817546,Geniepig407,malaysia_fake_09,Sat Mar 08 19:46:33 +0000 2014,fake
4.42E+17,desgraciadamente parece que se confirma que el MH370 se ha estrellado en el mar con 239 pasajeros dos de ellos niños http://t.co/ZPfjgg3KS9,268959175,JaviAtapu,malaysia_fake_01,Sat Mar 08 17:38:10 +0000 2014,fake
4.45E+17,Found the lost Malaysian plane. Anyone got cash? http://t.co/LmBUYDiXgD,1173825535,BridgeProbz,malaysia_fake_27,Sat Mar 15 12:36:38 +0000 2014,fake
4.48E+17,@wangmyun tapi mh370 kata kata promosi nya juga http://t.co/3iAudcx7bn,623460069,dyoraemun,malaysia_fake_21,Mon Mar 24 16:04:00 +0000 2014,fake
4.46E+17,@Boeing777_   il est là 好像找到MH370了 map654342 http://t.co/udR5q2QbBK,404112275,villefranche69,malaysia_fake_15,Tue Mar 18 12:05:21 +0000 2014,fake
4.46E+17,La découverte de #CourtneyLove sur le vol MH370 parodiée http://t.co/DBvPexk53P,493097369,AfterEight13,malaysia_fake_18,Wed Mar 19 10:14:01 +0000 2014,fake
4.43E+17,กู้ภัยเวียดนามพบวัตถุ ห่าง 80 กม.ทางตอนใต้ของเกาะโถเจา เวียดนาม คาดอาจเป็นประตู-หางของ MH370 รอบินตรวจสอบพรุ่งนี้ http://t.co/QOsmoLTNsg,116713907,junejnm,malaysia_fake_16,Sun Mar 09 15:19:00 +0000 2014,fake
4.48E+17,क्या मिल गया 17 दिन से लापता मलेशियाई विमान MH370? फेसबुक पर तस्वीरें!\nhttp://t.co/6zROgiaGqj http://t.co/DEKEln5ypi,1671329414,DainikBhaskar5,malaysia_fake_12,Tue Mar 25 13:11:58 +0000 2014,fake
4.48E+17,「MH370便、バミューダ島沖で発見！」 というネタでリンク踏ませて個人情報抜く人がいるんだってさ http://t.co/Cn2ggnKYz5,1037589967,kimoist,malaysia_fake_11,Mon Mar 24 03:38:51 +0000 2014,fake
4.48E+17,Τι κρύβεται πίσω από τη χαμένη πτήση MH370; http://t.co/JAbpQEzwMt http://t.co/7SRCwNAZSM,462392256,Youmagazine4,malaysia_fake_15,Mon Mar 24 02:47:00 +0000 2014,fake
4.46E+17,เผยภาพ ! เครื่องบินในป่าทึบ ที่คาดว่าอาจเป็นเที่ยวบิน MH370 ที่หายไป  ...  http://t.co/6sj3FNZyrI - http://t.co/9v1zXy06nf,1425153067,Baby_Bamz,malaysia_fake_15,Wed Mar 19 08:58:50 +0000 2014,fake
4.46E+17,MH370 is it Real... http://t.co/TcRmfY2Q4z,1897494373,RaviDmishra,malaysia_fake_03,Tue Mar 18 14:19:23 +0000 2014,fake
4.46E+17,"Tweet daripada Maira Elizabeth iaitu anak kepada Ketua Steward, Andrew Nari yang berada dalam pesawat MAS MH370. http://t.co/Dk4uWMNp8Y",1016635927,BeritaInfo_LFC,malaysia_fake_28,Wed Mar 19 04:32:08 +0000 2014,fake
4.46E+17,Courtney Love a sa petite théorie sur la disparition du vol MH370.  http://t.co/WMnq5M4BlZ http://t.co/Cx46orfWSM,108092364,Boris_Presley,malaysia_fake_18,Tue Mar 18 07:31:33 +0000 2014,fake
4.47E+17,"@ridwankamil @detikcom pesawt MH370 juga dijual di dunia maya, kang http://t.co/FEeNHHfbOk",178277634,apatiaraja,malaysia_fake_27,Thu Mar 20 10:41:08 +0000 2014,fake
4.43E+17,Saya tak nak MH370 jadi macam ni....... http://t.co/PiIRTqEiha,2276946350,syarmilla01,malaysia_fake_01,Sun Mar 09 05:17:08 +0000 2014,fake
4.47E+17,@newscomauHQ enough with the misleading headlines on mh370. #mh370 http://t.co/gmkYWVbf4S,45248702,MorganGRichards,malaysia_fake_28,Fri Mar 21 00:05:58 +0000 2014,fake
3.25415E+17,#CAPTURED #INCUSTODY http://t.co/Bpsa11adKy,39990610,WhoIsJonez,boston_real_07,Sat Apr 20 01:05:20 +0000 2013,real
3.25003E+17,Possible suspect of the Boston Marathon bombing. If that's really him my oh my! In other words he'sβ€¦ http://t.co/CK6UCpU080,114640945,iSchueng,boston_real_24,Thu Apr 18 21:48:05 +0000 2013,real
3.25161E+17,New photo of second Boston suspect provided by Boston Police Department moments ago - http://t.co/rEbmY0Pegf,805154227,CyrusVJ,boston_real_11,Fri Apr 19 08:14:45 +0000 2013,real
3.25256E+17,This seriously sad! #prayforboston π™π™π™.. One man down now let's catch the other piece of shit http://t.co/gG1aMcfYdo,73389875,MzKaYx3,boston_real_25,Fri Apr 19 14:32:38 +0000 2013,real
3.25468E+17,Justice been survive #bostonbombing #prayforboston http://t.co/D7xIZgG0pX,25183261,Alaina_Joyce,boston_real_09,Sat Apr 20 04:35:46 +0000 2013,real
3.25265E+17,"#BOLO for #boston bombing suspect Dzhokhar Tsarnaev. He may be driving a gray Honda CRV, withβ€¦ http://t.co/mILcZLdM1z",222141307,purpleviole,boston_real_27,Fri Apr 19 15:09:53 +0000 2013,real
3.25379E+17,"Esta es la imagen del sospechoso de las bombas en Boston, que ahora se encuentra prΓ³fugo: Dzhokhar A. Tsarnaev. http://t.co/A9dH5R0P7d",1180140608,RevistaFYI,boston_real_27,Fri Apr 19 22:41:00 +0000 2013,real
3.25001E+17,FBI suspect in the Boston Marathon Bombing.1-800-call-FBI http://t.co/D50OLZjzRy,115979798,GinoRedaTSN,boston_real_24,Thu Apr 18 21:40:52 +0000 2013,real
3.25105E+17,http://t.co/aDjvyn08KB  #Boston #Bomber suspect #Whitehat ... Always has his ID called fake at the #Pub. #Retweet. make him #pissedoff #Tcot,278940186,allforjury,boston_real_01,Fri Apr 19 04:34:04 +0000 2013,real
3.25072E+17,Unknown Suspect #1 Boston Bombing #FBI Wanted Poster http://t.co/1zSlXwMQIR,19207243,Ammidon,boston_real_17,Fri Apr 19 02:23:06 +0000 2013,real
3.25448E+17,RT: #BostonBombingSuspect looks like Bob Dylan https://t.co/wGse5xxTAZ #WIunion #MAunion #Boston #NWO #OccupyBoston #OpBoston #4chan #Ano...,250089059,nwohashtag,boston_real_20,Sat Apr 20 03:17:32 +0000 2013,real
3.25436E+17,Finally the man hunt is over. Justice will be served. #PrayForBoston #BPD #GodBlessAmerica http://t.co/DJP92mwvGy,398075058,raultoca,boston_real_27,Sat Apr 20 02:27:32 +0000 2013,real
4.48E+17,"Kata2 dlam promosi ini bisa menjadi doa yg m'buat MH370 susah utk d temukan \""Wherever yoy go, No one will ever knew\"" http://t.co/7JVYPi3w4z",233471842,RFahlevyL,malaysia_fake_21,Mon Mar 24 17:12:40 +0000 2014,fake
4.46E+17,Istri Kurt Cobain Klaim Temukan Pesawat MAS MH370 yang Hilang http://t.co/FxJ1hOv8Hx http://t.co/ZKxmCvlEsv,1639586539,IndoBerita__,malaysia_fake_18,Wed Mar 19 07:50:20 +0000 2014,fake
4.48E+17,Consideran prematura una búsqueda submarina del MH370 http://t.co/1Z4HJsGpOK http://t.co/ZkEiLZQBKa,2155377133,noticiasdepy,malaysia_fake_15,Mon Mar 24 17:15:04 +0000 2014,fake
4.46E+17,Supuesta foto del 777 vuelo MH370 sobre la selva de Malasia http://t.co/YZQDnyTZMW,597447550,AdrianCajal,malaysia_fake_15,Wed Mar 19 12:17:26 +0000 2014,fake
4.46E+17,"@cjwerleman But considering your fascination w/MH370, this might be the time to go for it ;) \nhttps://t.co/7jjCKBfwjV http://t.co/Go8VBwWeSc",16705804,mirandachale,malaysia_fake_18,Wed Mar 19 01:51:30 +0000 2014,fake
4.46E+17,Le Boeing ? RT @KurosakiSamurai\n好像找到MH370了 map654342 http://t.co/Px3R9zwiiB,1636310958,jda51,malaysia_fake_15,Tue Mar 18 11:52:45 +0000 2014,fake
4.47E+17,"Try this image, it may be the missing plane MH370.? http://t.co/75mWAEF2bQ",2265296142,polishity,malaysia_fake_15,Thu Mar 20 09:05:15 +0000 2014,fake
4.48E+17,Προσοχή στη νέα απάτη μέσω Facebook: “Εντοπίστηκε το αεροπλάνο της Μαλαισίας MH370” http://t.co/wkZXKxHoKQ http://t.co/Is6IM0k98t,155498394,SecNews_GR,malaysia_fake_04,Mon Mar 24 08:03:04 +0000 2014,fake
4.42E+17,Hopefully this will happen on MH370 #PrayForMH370 http://t.co/bdATGTieID,278544474,VicoleLim,malaysia_fake_09,Sat Mar 08 17:30:44 +0000 2014,fake
4.48E+17,Before talking about MH370. http://t.co/L9D2G0gFBf,317050114,apam_polkadot,malaysia_fake_28,Mon Mar 24 02:24:39 +0000 2014,fake
4.47E+17,"Hoax ga? RT @tempodotco: FOTO: Kembali Ditemukan, Gambar Satelit Pesawat Diduga MH370 http://t.co/UdGlzytrF2 http://t.co/9VKogqx1Uu",2176528729,doel_timurdki,malaysia_fake_15,Thu Mar 20 14:50:32 +0000 2014,fake
4.46E+17,Kaa pala nawala si MH370 http://t.co/jtAq8guQ3u,114142584,dealwiththeDj,malaysia_fake_21,Wed Mar 19 14:02:15 +0000 2014,fake
4.55E+17,0Boleh percaya ke perisik rusia. keep praying for mh370 http://t.co/tXOGzX1D6l,405063824,yaslizah,malaysia_fake_28,Sat Apr 12 08:25:20 +0000 2014,fake
4.46E+17,"Skönt ändå, att Courtney Love gett sig in i sökandet efter MH370 http://t.co/qTENLYkym5",175185430,ErikWirkensjo,malaysia_fake_18,Tue Mar 18 12:07:26 +0000 2014,fake
4.47E+17,@abcnews try this image of missing MH370. http://t.co/dk7nFkWn23,2265296142,polishity,malaysia_fake_15,Thu Mar 20 09:02:08 +0000 2014,fake
4.46E+17,"Wow, Courtney Love Tahu Posisi Pasti Pesawat MH370! http://t.co/2MUeNuPshp http://t.co/hCdhciA6kw",1220794387,LeBuyKu,malaysia_fake_18,Tue Mar 18 03:28:52 +0000 2014,fake
4.44E+17,Fake photos of the crashed MH370 become available! Pls don't believe! http://t.co/AI7SWqfgVQ,96736430,jowittaya,malaysia_fake_04,Fri Mar 14 13:13:17 +0000 2014,fake
4.46E+17,MH370: Thailand Radar Detects Possible Jet;  Taiwanese Student ‘Spot’ Flight on Satellite http://t.co/WLUCZ8jZzQ http://t.co/t5XwknMIIn,338567078,RalphHornsby,malaysia_fake_15,Wed Mar 19 13:44:02 +0000 2014,fake
4.46E+17,Le Boeing ? RT @KurosakiSamurai\n好像找到MH370了 map654342 http://t.co/Px3R9zwiiB,112743330,bertrand_k,malaysia_fake_15,Tue Mar 18 07:29:08 +0000 2014,fake
4.46E+17,@tomnod  map654342....MH370? http://t.co/8t9LT4jPJi,2189153315,lucmakeyoutubes,malaysia_fake_15,Wed Mar 19 01:56:30 +0000 2014,fake
4.46E+17,Så Courtney Love har fundet MH370. Eller noget. http://t.co/UCCAF8UVGa,417802768,ThomasLoft89,malaysia_fake_18,Tue Mar 18 15:31:06 +0000 2014,fake
